{"acc": 0.8701185297344528, "loss": 0.07954344067697312, "_timestamp": 1700510279.2612522, "_runtime": 4.8363282680511475, "_step": 7, "_wandb": {"runtime": 2}}